{"classifier":{"train_accuracy":0.9933554817275747,"train_confusionmatrix":[[344,2],[4,553]],"training_importance":{"NDVI":118.08435400162688,"NDWI":119.59903583081066,"SAVI":116.13961939678435,"SR_B2_mean":111.78825781899013,"SR_B3_mean":109.88092996417785,"SR_B4_mean":118.0589272756583,"SR_B5_mean":106.13811739271286,"SR_B6_mean":136.78190573892067,"SR_B7_mean":141.34672597177027},"validate_confusionmatrix":[[151,3],[1,242]],"validation_accuracy":0.9899244332493703,"validation_importance":{"NDVI":77.45861532461021,"NDWI":65.91774349076093,"SAVI":69.7181398471391,"SR_B2_mean":62.51419937500085,"SR_B3_mean":58.19627634828409,"SR_B4_mean":59.22565012033096,"SR_B5_mean":74.95211468514796,"SR_B6_mean":77.9775554474923,"SR_B7_mean":76.60256901814165}}}