{"L8xB_30_CART_2020":{"bands":["B2","B3","B4","B5","B6","B7","B10","B11","NDVI","NDWI","SAVI"],"bandsid":"[\"B2\",\"B3\",\"B4\",\"B5\",\"B6\",\"B7\",\"B10\",\"B11\",\"NDVI\",\"NDWI\",\"SAVI\"]","classifierid":"L8xB_30_CART_2020","classifiername":"CART","importance":{"B10":0.6309188881528468,"B11":0.028591214879303523,"B2":1.8449685805688838,"B3":0.49944444444444447,"B4":0.4444444444444444,"B5":0.10298236941835556,"B6":0.4061155197046895,"B7":0.011957908163265307,"NDVI":0.4577630159909221,"NDWI":0.13265306122448983,"SAVI":0.030612244897959218},"train_accuracy":1,"train_confusionmatrix":[[83,0],[0,142]],"validate_accuracy":0.9176470588235294,"validate_confusionmatrix":[[23,4],[3,55]]},"L8xB_30_RF10_2020":{"bands":["B2","B3","B4","B5","B6","B7","B10","B11","NDVI","NDWI","SAVI"],"bandsid":"[\"B2\",\"B3\",\"B4\",\"B5\",\"B6\",\"B7\",\"B10\",\"B11\",\"NDVI\",\"NDWI\",\"SAVI\"]","classifierid":"L8xB_30_RF10_2020","classifiername":"RF10","importance":{"B10":3.706621869424662,"B11":4.432895595428378,"B2":2.5726994199160123,"B3":2.9879164548528516,"B4":2.3807638253636605,"B5":2.4819848886850306,"B6":3.2674909439168394,"B7":3.2642946112790643,"NDVI":2.869276097717673,"NDWI":3.297131726046958,"SAVI":3.0725433277451017},"train_accuracy":0.9822222222222222,"train_confusionmatrix":[[80,3],[1,141]],"validate_accuracy":0.8588235294117647,"validate_confusionmatrix":[[24,3],[9,49]]},"S2xB_20_CART_2020":{"bands":["B2","B3","B4","B5","B8","B9","B11","NDVI","NDWI","SAVI"],"bandsid":"[\"B2\",\"B3\",\"B4\",\"B5\",\"B8\",\"B9\",\"B11\",\"NDVI\",\"NDWI\",\"SAVI\"]","classifierid":"S2xB_20_CART_2020","classifiername":"CART","importance":{"B11":0.5389774761482985,"B2":2.4423440467748905,"B3":0.16448602417507377,"B4":0.5047979150561085,"B5":0.4444444444444444,"B8":0,"B9":0,"NDVI":0.41058128281218004,"NDWI":0.0793717858734757,"SAVI":0},"train_accuracy":1,"train_confusionmatrix":[[83,0],[0,142]],"validate_accuracy":0.8588235294117647,"validate_confusionmatrix":[[24,3],[9,49]]},"S2xB_20_RF10_2020":{"bands":["B2","B3","B4","B5","B8","B9","B11","NDVI","NDWI","SAVI"],"bandsid":"[\"B2\",\"B3\",\"B4\",\"B5\",\"B8\",\"B9\",\"B11\",\"NDVI\",\"NDWI\",\"SAVI\"]","classifierid":"S2xB_20_RF10_2020","classifiername":"RF10","importance":{"B11":3.731184393456681,"B2":2.3367434890205807,"B3":3.253252841435102,"B4":2.977242037467046,"B5":2.8740341653840704,"B8":2.126490211116012,"B9":3.4419373663877133,"NDVI":3.5348204361361084,"NDWI":2.1684462610723387,"SAVI":2.2783321684423266},"train_accuracy":0.9822222222222222,"train_confusionmatrix":[[80,3],[1,141]],"validate_accuracy":0.8705882352941177,"validate_confusionmatrix":[[24,3],[8,50]]}}