{"classifier":{"train_accuracy":0.995847750865052,"train_confusionmatrix":[[451,10],[2,2427]],"training_importance":{"NDVI":148.00098763800344,"NDWI":131.3317647166973,"SAVI":136.73992296480202,"SR_B2_mean":135.15402860473043,"SR_B3_mean":146.44333023440973,"SR_B4_mean":132.3222333936211,"SR_B5_mean":142.80681860004833,"SR_B6_mean":158.14335253385994,"SR_B7_mean":150.31316387214557},"validate_confusionmatrix":[[181,9],[1,1070]],"validation_accuracy":0.9920697858842189,"validation_importance":{"NDVI":83.91857522012025,"NDWI":82.53617660798392,"SAVI":88.18163223539443,"SR_B2_mean":71.92177761733046,"SR_B3_mean":71.56943467180368,"SR_B4_mean":75.9451633564711,"SR_B5_mean":82.50834666103363,"SR_B6_mean":76.44327087284152,"SR_B7_mean":86.68225141226922}}}