{"classifier":{"train_accuracy":0.9977851605758582,"train_confusionmatrix":[[346,0],[2,555]],"training_importance":{"NDVI":71.4432932694166,"NDWI":69.66235434002708,"SAVI":70.45426606809784,"SR_B2_mean":70.44703091939583,"SR_B3_mean":65.40043798920374,"SR_B4_mean":68.18633074007906,"SR_B5_mean":56.601294555595864,"SR_B6_mean":79.7236951905181,"SR_B7_mean":79.23511575168003},"validate_confusionmatrix":[[152,2],[0,243]],"validation_accuracy":0.9949622166246851,"validation_importance":{"NDVI":41.25159064804887,"NDWI":39.50948014780231,"SAVI":37.25580549986175,"SR_B2_mean":31.53975050732702,"SR_B3_mean":40.44055558242957,"SR_B4_mean":34.55917733519635,"SR_B5_mean":43.69334826325016,"SR_B6_mean":49.32086474913243,"SR_B7_mean":47.58023319035216}}}