{"classifier":{"train_accuracy":0.99646529562982,"train_confusionmatrix":[[669,8],[3,2432]],"training_importance":{"NDVI":305.9058974926079,"NDWI":289.8422977730411,"SAVI":305.8014610124906,"SR_B2_mean":319.08778999967353,"SR_B3_mean":299.08479214202544,"SR_B4_mean":316.6818958971093,"SR_B5_mean":312.28660567916575,"SR_B6_mean":306.2058846324348,"SR_B7_mean":331.25295075604663},"validate_confusionmatrix":[[316,7],[2,1063]],"validation_accuracy":0.9935158501440923,"validation_importance":{"NDVI":154.509262646067,"NDWI":139.50874357331847,"SAVI":145.8763551526289,"SR_B2_mean":149.44884696663635,"SR_B3_mean":143.41050925010904,"SR_B4_mean":153.23720093190246,"SR_B5_mean":144.9503527149207,"SR_B6_mean":148.96531973277877,"SR_B7_mean":159.93072479513216}}}