{"L8xB_30_CART_2020":{"bands":["B2","B3","B4","B5","B6","B7","B10","B11","NDVI","NDWI","SAVI"],"bandsid":"[\"B2\",\"B3\",\"B4\",\"B5\",\"B6\",\"B7\",\"B10\",\"B11\",\"NDVI\",\"NDWI\",\"SAVI\"]","classifierid":"L8xB_30_CART_2020","classifiername":"CART","importance":{"B10":0.6803961355587383,"B11":1.04906407938392,"B2":3.9802925007031766,"B3":0.7431758034026466,"B4":0.3550295857988166,"B5":1.010490512419526,"B6":0.3112999977328812,"B7":0.24032492208179015,"NDVI":0.42183916743436733,"NDWI":0.3658058489045313,"SAVI":0.059317667904757634},"train_accuracy":1,"train_confusionmatrix":[[503,0],[0,2967]],"validate_accuracy":0.9503784693019344,"validate_confusionmatrix":[[153,36],[82,2107]]},"L8xB_30_RF10_2020":{"bands":["B2","B3","B4","B5","B6","B7","B10","B11","NDVI","NDWI","SAVI"],"bandsid":"[\"B2\",\"B3\",\"B4\",\"B5\",\"B6\",\"B7\",\"B10\",\"B11\",\"NDVI\",\"NDWI\",\"SAVI\"]","classifierid":"L8xB_30_RF10_2020","classifiername":"RF10","importance":{"B10":8.653501247393192,"B11":10.222044762632786,"B2":11.792318738031332,"B3":10.665828275189229,"B4":4.865935095741476,"B5":9.0399417316342,"B6":9.184170128102357,"B7":7.880641728438406,"NDVI":6.927576881683063,"NDWI":6.396414458104318,"SAVI":7.536089796348853},"train_accuracy":0.9968299711815563,"train_confusionmatrix":[[497,6],[5,2962]],"validate_accuracy":0.9768713204373423,"validate_confusionmatrix":[[168,21],[34,2155]]},"S2xB_20_CART_2020":{"bands":["B2","B3","B4","B5","B8","B9","B11","NDVI","NDWI","SAVI"],"bandsid":"[\"B2\",\"B3\",\"B4\",\"B5\",\"B8\",\"B9\",\"B11\",\"NDVI\",\"NDWI\",\"SAVI\"]","classifierid":"S2xB_20_CART_2020","classifiername":"CART","importance":{"B11":0.4942214260845936,"B2":7.240292797325761,"B3":0.6121369798946977,"B4":1.6505826067459186,"B5":0.6070552231838173,"B8":1.1971291480641162,"B9":1.6038155542919705,"NDVI":1.1429101145582463,"NDWI":0.8356134885938676,"SAVI":0.14012738317092127},"train_accuracy":1,"train_confusionmatrix":[[1153,0],[0,6637]],"validate_accuracy":0.9683426443202979,"validate_confusionmatrix":[[380,46],[124,4820]]},"S2xB_20_RF10_2020":{"bands":["B2","B3","B4","B5","B8","B9","B11","NDVI","NDWI","SAVI"],"bandsid":"[\"B2\",\"B3\",\"B4\",\"B5\",\"B8\",\"B9\",\"B11\",\"NDVI\",\"NDWI\",\"SAVI\"]","classifierid":"S2xB_20_RF10_2020","classifiername":"RF10","importance":{"B11":15.01107653937799,"B2":14.234806341095926,"B3":13.477443613667347,"B4":11.208174458963756,"B5":12.625425028302503,"B8":10.922859144509438,"B9":17.230511690878348,"NDVI":13.01466155787658,"NDWI":15.067489416278647,"SAVI":12.704218824692873},"train_accuracy":0.9958921694480103,"train_confusionmatrix":[[1148,5],[27,6610]],"validate_accuracy":0.9834264432029796,"validate_confusionmatrix":[[384,42],[47,4897]]}}