{"L8xB_30_CART_2020":{"bands":["B2","B3","B4","B5","B6","B7","B10","B11","NDVI","NDWI","SAVI"],"bandsid":"[\"B2\",\"B3\",\"B4\",\"B5\",\"B6\",\"B7\",\"B10\",\"B11\",\"NDVI\",\"NDWI\",\"SAVI\"]","classifierid":"L8xB_30_CART_2020","classifiername":"CART","importance":{"B10":0.21192707468854396,"B11":0.19989330057990842,"B2":4.2278258463541665,"B3":0.9221042976939204,"B4":1.8786856579948208,"B5":0.217687074829932,"B6":0.24498420725583622,"B7":0.4650012569016546,"NDVI":0,"NDWI":0.30864197530864196,"SAVI":0.3329545162431836},"train_accuracy":1,"train_confusionmatrix":[[91,0],[0,159]],"validate_accuracy":0.79,"validate_confusionmatrix":[[26,13],[8,53]]},"L8xB_30_RF10_2020":{"bands":["B2","B3","B4","B5","B6","B7","B10","B11","NDVI","NDWI","SAVI"],"bandsid":"[\"B2\",\"B3\",\"B4\",\"B5\",\"B6\",\"B7\",\"B10\",\"B11\",\"NDVI\",\"NDWI\",\"SAVI\"]","classifierid":"L8xB_30_RF10_2020","classifiername":"RF10","importance":{"B10":4.8272413049473855,"B11":4.41494935619845,"B2":5.998150844640778,"B3":4.697951141278461,"B4":3.474360612733982,"B5":5.070501759727442,"B6":4.053009146340384,"B7":4.899401180370793,"NDVI":3.9960043210164553,"NDWI":5.326296699012223,"SAVI":3.5655984941888543},"train_accuracy":0.948,"train_confusionmatrix":[[87,4],[9,150]],"validate_accuracy":0.79,"validate_confusionmatrix":[[30,9],[12,49]]},"S2xB_20_CART_2020":{"bands":["B2","B3","B4","B5","B8","B9","B11","NDVI","NDWI","SAVI"],"bandsid":"[\"B2\",\"B3\",\"B4\",\"B5\",\"B8\",\"B9\",\"B11\",\"NDVI\",\"NDWI\",\"SAVI\"]","classifierid":"S2xB_20_CART_2020","classifiername":"CART","importance":{"B11":0.35143177873666775,"B2":3.2039917636010293,"B3":0.7863769599278857,"B4":0.9936489898989899,"B5":0.764217673312882,"B8":0,"B9":0.3756384708765661,"NDVI":0.05235526124866435,"NDWI":1.0023305822098465,"SAVI":0.06712799770311245},"train_accuracy":1,"train_confusionmatrix":[[91,0],[0,159]],"validate_accuracy":0.73,"validate_confusionmatrix":[[26,13],[14,47]]},"S2xB_20_RF10_2020":{"bands":["B2","B3","B4","B5","B8","B9","B11","NDVI","NDWI","SAVI"],"bandsid":"[\"B2\",\"B3\",\"B4\",\"B5\",\"B8\",\"B9\",\"B11\",\"NDVI\",\"NDWI\",\"SAVI\"]","classifierid":"S2xB_20_RF10_2020","classifiername":"RF10","importance":{"B11":8.5194673670854,"B2":5.864030157815333,"B3":3.1552485852712966,"B4":5.569034590725668,"B5":3.477491214283299,"B8":3.716890293184002,"B9":3.8956466692326583,"NDVI":3.8114646277140487,"NDWI":4.270871392568733,"SAVI":4.996431944341154},"train_accuracy":0.936,"train_confusionmatrix":[[87,4],[12,147]],"validate_accuracy":0.74,"validate_confusionmatrix":[[27,12],[14,47]]}}