{"classifier":{"train_accuracy":0.9965397923875432,"train_confusionmatrix":[[452,9],[1,2428]],"training_importance":{"NDVI":223.0474711187683,"NDWI":199.9011853923233,"SAVI":202.0177946261458,"SR_B2_mean":198.1383435300509,"SR_B3_mean":211.9465989565402,"SR_B4_mean":194.42280917340906,"SR_B5_mean":190.88177529878422,"SR_B6_mean":196.15099593826702,"SR_B7_mean":211.83368308254845},"validate_confusionmatrix":[[181,9],[0,1071]],"validation_accuracy":0.992862807295797,"validation_importance":{"NDVI":107.36165215223099,"NDWI":96.97821242124184,"SAVI":104.18256589702713,"SR_B2_mean":97.21309494718572,"SR_B3_mean":91.99055218821911,"SR_B4_mean":93.17985303719148,"SR_B5_mean":81.51557022649418,"SR_B6_mean":95.39657403285442,"SR_B7_mean":95.22761862490651}}}