{"L8xB_30_CART_2020":{"bands":["B2","B3","B4","B5","B6","B7","B10","B11","NDVI","NDWI","SAVI"],"bandsid":"[\"B2\",\"B3\",\"B4\",\"B5\",\"B6\",\"B7\",\"B10\",\"B11\",\"NDVI\",\"NDWI\",\"SAVI\"]","classifierid":"L8xB_30_CART_2020","classifiername":"CART","importance":{"B10":3.080159411161602,"B11":1.2622593846489494,"B2":12.132304626383961,"B3":2.533130631686558,"B4":2.17023582035093,"B5":1.1433931668813035,"B6":1.7662333758513002,"B7":0.72401080775237,"NDVI":0.6407493465660826,"NDWI":0.8664020461431021,"SAVI":0.7636724936318664},"train_accuracy":1,"train_confusionmatrix":[[699,0],[0,3773]],"validate_accuracy":0.9290399522957663,"validate_confusionmatrix":[[125,54],[65,1433]]},"L8xB_30_RF10_2020":{"bands":["B2","B3","B4","B5","B6","B7","B10","B11","NDVI","NDWI","SAVI"],"bandsid":"[\"B2\",\"B3\",\"B4\",\"B5\",\"B6\",\"B7\",\"B10\",\"B11\",\"NDVI\",\"NDWI\",\"SAVI\"]","classifierid":"L8xB_30_RF10_2020","classifiername":"RF10","importance":{"B10":18.293311999883976,"B11":23.564865858809313,"B2":17.880786210814932,"B3":18.94152149329048,"B4":18.31639942878148,"B5":16.71588026248437,"B6":17.911811751111017,"B7":14.430574678448314,"NDVI":15.72615455687848,"NDWI":20.968058556057706,"SAVI":14.036874416192683},"train_accuracy":0.9939624329159212,"train_confusionmatrix":[[686,13],[14,3759]],"validate_accuracy":0.9236732259988074,"validate_confusionmatrix":[[116,63],[65,1433]]},"S2xB_20_CART_2020":{"bands":["B2","B3","B4","B5","B8","B9","B11","NDVI","NDWI","SAVI"],"bandsid":"[\"B2\",\"B3\",\"B4\",\"B5\",\"B8\",\"B9\",\"B11\",\"NDVI\",\"NDWI\",\"SAVI\"]","classifierid":"S2xB_20_CART_2020","classifiername":"CART","importance":{"B11":2.5811622013681648,"B2":19.096866551104032,"B3":2.8662705462345333,"B4":3.467678809102434,"B5":1.9030167598903793,"B8":2.3116378363543695,"B9":6.632827082228316,"NDVI":2.520966934557332,"NDWI":2.349018106075714,"SAVI":0.8608952685935489},"train_accuracy":1,"train_confusionmatrix":[[1636,0],[0,8405]],"validate_accuracy":0.9113391212838726,"validate_confusionmatrix":[[238,153],[184,3226]]},"S2xB_20_RF10_2020":{"bands":["B2","B3","B4","B5","B8","B9","B11","NDVI","NDWI","SAVI"],"bandsid":"[\"B2\",\"B3\",\"B4\",\"B5\",\"B8\",\"B9\",\"B11\",\"NDVI\",\"NDWI\",\"SAVI\"]","classifierid":"S2xB_20_RF10_2020","classifiername":"RF10","importance":{"B11":32.304142824614246,"B2":42.52192345711267,"B3":35.49354117456276,"B4":34.713968816493704,"B5":39.74336797091886,"B8":37.02718547665427,"B9":50.370092080650295,"NDVI":36.276882240262175,"NDWI":44.52441252997211,"SAVI":42.067338567437716},"train_accuracy":0.9936261328552933,"train_confusionmatrix":[[1606,30],[34,8371]],"validate_accuracy":0.9315969481715338,"validate_confusionmatrix":[[282,109],[151,3259]]}}