{"classifier":{"train_accuracy":0.9948586118251928,"train_confusionmatrix":[[666,11],[5,2430]],"training_importance":{"NDVI":206.72413617475607,"NDWI":202.14293102741505,"SAVI":203.7704139662482,"SR_B2_mean":191.1593220465539,"SR_B3_mean":188.27198263415434,"SR_B4_mean":208.90131121176697,"SR_B5_mean":196.77638666907828,"SR_B6_mean":219.81526452472116,"SR_B7_mean":208.06853253112615},"validate_confusionmatrix":[[319,4],[5,1060]],"validation_accuracy":0.9935158501440923,"validation_importance":{"NDVI":99.23923687719213,"NDWI":92.40472471793707,"SAVI":87.99708455501076,"SR_B2_mean":82.63590142405623,"SR_B3_mean":85.1342448152318,"SR_B4_mean":93.53273098806004,"SR_B5_mean":83.49929736393773,"SR_B6_mean":101.08017837014215,"SR_B7_mean":109.92097351019636}}}