{"L8xB_30_RF10_2020":{"bands":["B2","B3","B4","B5","B6","B7","B10","B11","NDVI","NDWI","SAVI"],"bandsid":"[\"B2\",\"B3\",\"B4\",\"B5\",\"B6\",\"B7\",\"B10\",\"B11\",\"NDVI\",\"NDWI\",\"SAVI\"]","classifierid":"L8xB_30_RF10_2020","classifiername":"RF10","importance":{"B10":8.653501247393192,"B11":10.222044762632786,"B2":11.792318738031332,"B3":10.665828275189229,"B4":4.865935095741476,"B5":9.0399417316342,"B6":9.184170128102357,"B7":7.880641728438406,"NDVI":6.927576881683063,"NDWI":6.396414458104318,"SAVI":7.536089796348853},"train_accuracy":0.9968299711815563,"train_confusionmatrix":[[497,6],[5,2962]],"validate_accuracy":0.9768713204373423,"validate_confusionmatrix":[[168,21],[34,2155]]},"L8xB_30_RF40_2020":{"bands":["B2","B3","B4","B5","B6","B7","B10","B11","NDVI","NDWI","SAVI"],"bandsid":"[\"B2\",\"B3\",\"B4\",\"B5\",\"B6\",\"B7\",\"B10\",\"B11\",\"NDVI\",\"NDWI\",\"SAVI\"]","classifierid":"L8xB_30_RF40_2020","classifiername":"RF40","importance":{"B10":35.847512677239436,"B11":35.03535235401266,"B2":33.15552194450066,"B3":34.18743183761481,"B4":28.3408105564741,"B5":33.663128850747036,"B6":32.118770450453525,"B7":32.249024842945474,"NDVI":30.991316812745996,"NDWI":29.991249059600047,"SAVI":32.971416919382015},"train_accuracy":0.9974063400576368,"train_confusionmatrix":[[496,7],[2,2965]],"validate_accuracy":0.9802354920100925,"validate_confusionmatrix":[[164,25],[22,2167]]},"L8xB_30_RF70_2020":{"bands":["B2","B3","B4","B5","B6","B7","B10","B11","NDVI","NDWI","SAVI"],"bandsid":"[\"B2\",\"B3\",\"B4\",\"B5\",\"B6\",\"B7\",\"B10\",\"B11\",\"NDVI\",\"NDWI\",\"SAVI\"]","classifierid":"L8xB_30_RF70_2020","classifiername":"RF70","importance":{"B10":61.91661067906194,"B11":59.86802547196842,"B2":55.88356041640387,"B3":52.02386843931459,"B4":51.72985401831163,"B5":60.29002025735499,"B6":62.07107699016799,"B7":52.623624457679334,"NDVI":50.24634237369253,"NDWI":51.03615803704231,"SAVI":55.243081505524444},"train_accuracy":0.9974063400576368,"train_confusionmatrix":[[497,6],[3,2964]],"validate_accuracy":0.979394449116905,"validate_confusionmatrix":[[164,25],[24,2165]]},"L8xB_30_RF100_2020":{"bands":["B2","B3","B4","B5","B6","B7","B10","B11","NDVI","NDWI","SAVI"],"bandsid":"[\"B2\",\"B3\",\"B4\",\"B5\",\"B6\",\"B7\",\"B10\",\"B11\",\"NDVI\",\"NDWI\",\"SAVI\"]","classifierid":"L8xB_30_RF100_2020","classifiername":"RF100","importance":{"B10":86.04741748163202,"B11":83.4923796535373,"B2":81.37939055325855,"B3":74.76651905378996,"B4":75.45914069853674,"B5":84.84076142189654,"B6":91.4184665827342,"B7":76.34819423899279,"NDVI":71.92301096680814,"NDWI":71.39254870338486,"SAVI":78.63657650919178},"train_accuracy":0.9976945244956772,"train_confusionmatrix":[[497,6],[2,2965]],"validate_accuracy":0.9798149705634988,"validate_confusionmatrix":[[164,25],[23,2166]]},"L8xB_30_RF150_2020":{"bands":["B2","B3","B4","B5","B6","B7","B10","B11","NDVI","NDWI","SAVI"],"bandsid":"[\"B2\",\"B3\",\"B4\",\"B5\",\"B6\",\"B7\",\"B10\",\"B11\",\"NDVI\",\"NDWI\",\"SAVI\"]","classifierid":"L8xB_30_RF150_2020","classifiername":"RF150","importance":{"B10":127.28155971707685,"B11":126.98450493519232,"B2":120.5683852976014,"B3":117.39885325731125,"B4":113.96923846366789,"B5":128.16052743713192,"B6":138.6120282210777,"B7":119.23159245211764,"NDVI":110.60380278938631,"NDWI":111.78459646513411,"SAVI":116.26814897431524},"train_accuracy":0.9988472622478386,"train_confusionmatrix":[[500,3],[1,2966]],"validate_accuracy":0.9802354920100925,"validate_confusionmatrix":[[164,25],[22,2167]]},"S2xB_20_RF10_2020":{"bands":["B2","B3","B4","B5","B8","B9","B11","NDVI","NDWI","SAVI"],"bandsid":"[\"B2\",\"B3\",\"B4\",\"B5\",\"B8\",\"B9\",\"B11\",\"NDVI\",\"NDWI\",\"SAVI\"]","classifierid":"S2xB_20_RF10_2020","classifiername":"RF10","importance":{"B11":15.01107653937799,"B2":14.234806341095926,"B3":13.477443613667347,"B4":11.208174458963756,"B5":12.625425028302503,"B8":10.922859144509438,"B9":17.230511690878348,"NDVI":13.01466155787658,"NDWI":15.067489416278647,"SAVI":12.704218824692873},"train_accuracy":0.9958921694480103,"train_confusionmatrix":[[1148,5],[27,6610]],"validate_accuracy":0.9834264432029796,"validate_confusionmatrix":[[384,42],[47,4897]]},"S2xB_20_RF40_2020":{"bands":["B2","B3","B4","B5","B8","B9","B11","NDVI","NDWI","SAVI"],"bandsid":"[\"B2\",\"B3\",\"B4\",\"B5\",\"B8\",\"B9\",\"B11\",\"NDVI\",\"NDWI\",\"SAVI\"]","classifierid":"S2xB_20_RF40_2020","classifiername":"RF40","importance":{"B11":65.00923713181982,"B2":57.18241024920228,"B3":54.93770394148258,"B4":45.27432932882236,"B5":48.218194096432455,"B8":45.95848495340262,"B9":62.62587339806161,"NDVI":49.21256931782529,"NDWI":65.1415848662849,"SAVI":56.92138907157537},"train_accuracy":0.9984595635430038,"train_confusionmatrix":[[1150,3],[9,6628]],"validate_accuracy":0.9854748603351955,"validate_confusionmatrix":[[385,41],[37,4907]]},"S2xB_20_RF70_2020":{"bands":["B2","B3","B4","B5","B8","B9","B11","NDVI","NDWI","SAVI"],"bandsid":"[\"B2\",\"B3\",\"B4\",\"B5\",\"B8\",\"B9\",\"B11\",\"NDVI\",\"NDWI\",\"SAVI\"]","classifierid":"S2xB_20_RF70_2020","classifiername":"RF70","importance":{"B11":110.58187225817855,"B2":99.70816351403857,"B3":93.90389601388756,"B4":86.67462901543159,"B5":80.37933932860284,"B8":90.94724678631934,"B9":115.47440473338584,"NDVI":82.96166397014485,"NDWI":106.69820140623816,"SAVI":98.0045050744865},"train_accuracy":0.9989730423620026,"train_confusionmatrix":[[1148,5],[3,6634]],"validate_accuracy":0.9856610800744879,"validate_confusionmatrix":[[382,44],[33,4911]]},"S2xB_20_RF100_2020":{"bands":["B2","B3","B4","B5","B8","B9","B11","NDVI","NDWI","SAVI"],"bandsid":"[\"B2\",\"B3\",\"B4\",\"B5\",\"B8\",\"B9\",\"B11\",\"NDVI\",\"NDWI\",\"SAVI\"]","classifierid":"S2xB_20_RF100_2020","classifiername":"RF100","importance":{"B11":154.35581213810798,"B2":146.73894403838827,"B3":130.90604117496102,"B4":120.41959261651996,"B5":120.78364693004835,"B8":121.51887039130924,"B9":168.06378462227903,"NDVI":125.57990101702481,"NDWI":153.88059644585837,"SAVI":141.80340620986604},"train_accuracy":0.9989730423620026,"train_confusionmatrix":[[1149,4],[4,6633]],"validate_accuracy":0.9849162011173185,"validate_confusionmatrix":[[380,46],[35,4909]]},"S2xB_20_RF150_2020":{"bands":["B2","B3","B4","B5","B8","B9","B11","NDVI","NDWI","SAVI"],"bandsid":"[\"B2\",\"B3\",\"B4\",\"B5\",\"B8\",\"B9\",\"B11\",\"NDVI\",\"NDWI\",\"SAVI\"]","classifierid":"S2xB_20_RF150_2020","classifiername":"RF150","importance":{"B11":237.95010646804525,"B2":222.3641354472131,"B3":203.98724462430712,"B4":180.75472182173155,"B5":184.26920911101521,"B8":190.84983227744885,"B9":254.22893706062024,"NDVI":190.58565943615835,"NDWI":216.36239857468706,"SAVI":204.10687118124306},"train_accuracy":0.9992297817715019,"train_confusionmatrix":[[1150,3],[3,6634]],"validate_accuracy":0.9852886405959032,"validate_confusionmatrix":[[382,44],[35,4909]]}}